"Date","static_mean","dynamic_mean","static_sigma","dynamic_sigma"
2021-03-29,0.0518649869076145,0.0518649869076145,0.739483484260473,0.739483484260473
2021-03-30,-0.0586767962209272,-0.0563035026656381,0.719662372102067,0.746384438204369
2021-03-31,-0.0126495330374206,-0.0247513825214728,0.687409904351701,0.753134447800833
2021-04-01,-0.116036272614402,-0.0962292335741391,0.784515573583722,0.75973495649157
2021-04-02,0.0917003532231752,0.0704585772942598,0.746657713657853,0.7661875148648
2021-04-05,-0.0610656192010867,-0.0356667827415709,0.722648882317031,0.772493771511773
2021-04-06,0.0446763548241801,0.0185584388836137,0.688021984578079,0.77865546427008
2021-04-07,-0.113920214221037,-0.120481953180419,0.660789976574291,0.784674411852484
2021-04-08,0.0393632432156699,0.00614672589983018,0.634757893596752,0.790552505858385
2021-04-09,0.00768147637376617,-0.0156559657017396,0.609725680591358,0.796291703163624
2021-04-12,0.0260601513787518,0.041235075101386,0.639908574601916,0.801894018683134
2021-04-13,-0.0555721087305622,-0.0558661032336258,0.671024048743576,0.807361518499823
2021-04-14,-0.0965631574115657,-0.0656845320675171,0.640405791659427,0.812696313352191
2021-04-15,0.0161178218127343,-0.0238307064678728,0.615047743360637,0.817900552472372
2021-04-16,0.00109472261242801,0.00587605785677833,0.590777681308014,0.822976417765617
2021-04-19,0.079911388089695,0.0359461249592556,0.56785493175859,0.827926118321706
2021-04-20,-0.120645292506619,-0.0786885156764937,0.596425450188296,0.832751885248319
2021-04-21,-0.0512644954780214,-0.0299826386094529,0.906263315562143,0.837455966816041
2021-04-22,-0.0820564759433901,-0.0655131429471728,0.858812236192169,0.842040623904423
2021-04-23,0.0848685023065236,0.0679481458105383,0.81586389798925,0.846508125738325
2021-04-26,-0.0136465173095551,-0.0385366866949754,0.784696026287825,0.850860745903664
2021-04-27,-0.00895521110286803,-0.00896557757069405,0.746416227939998,0.855100758631623
2021-04-28,-0.117764077971128,-0.104105200724485,0.745251228885476,0.859230435340394
2021-04-29,0.0134216721160974,0.0163583584481984,0.710175879930408,0.863252041423579
2021-04-30,0.00633517769561323,-0.00191328360592449,0.682482803136704,0.867167833274461
2021-05-03,0.0355652921821969,0.0189709199992472,0.651150027523948,0.870980055535508
2021-05-04,-0.0703116186353302,-0.0664079428235911,0.626653939915331,0.874690938562627
2021-05-05,-0.0884260683368153,-0.0597164620712588,0.688295075380846,0.878302696093909
2021-05-06,0.028511826958734,-0.00493237148844262,0.663181958658344,0.881817523112783
2021-05-07,0.0141615245943089,0.0112765395152038,0.634850507270917,0.88523759389579
2021-05-10,0.0849500231856949,0.0143990684126062,0.609632145083639,0.888565060235421
2021-05-11,-0.129501517484889,-0.0854215552855488,0.607227394876954,0.891802049828733
2021-05-12,-0.0621978820696968,-0.0273297986455399,1.0218836863092,0.894950664822756
2021-05-13,-0.0629924732842921,-0.0387948878316534,0.965750364156546,0.898012980507998
2021-05-14,0.0518266370595994,0.05938773860022,0.986082033298906,0.900991044151625
2021-05-17,0.0286612853109447,-0.0473344763558585,0.933946412856328,0.903886873962249
2021-05-18,-0.0685348299045556,-0.0285064331985219,0.907061205164153,0.906702458178495
2021-05-19,-0.0556916856881709,-0.0838030931578472,0.857624475489839,0.909439754273885
2021-05-20,-0.0619491457490673,0.0261940750108144,0.985316229390551,0.91210068827084
2021-05-21,0.0803500666404114,0.00215584013632722,0.93310128350091,0.914687154156913
2021-05-24,-0.033437685958049,-0.00407356308359054,0.895607300360637,0.917201013396677
2021-05-25,-0.00483505357091369,-0.0716231073850226,0.84882459389109,0.919644094532959
2021-05-26,-0.115417908973442,-0.0474562586887744,0.846773261271949,0.922018192871421
2021-05-27,0.0219358072520882,0.0105587368625978,0.802287957595821,0.924325070242767
2021-05-28,0.00435567078476399,0.00881976789474343,0.778527765305961,0.926566454837112
2021-05-31,0.0114927908283078,-0.00756139940627635,0.739412261366421,0.928744041105335
2021-06-01,-0.0622234942306795,-0.0863875921031098,0.70481789083641,0.930859489722505
2021-06-02,-0.0625057706054066,-0.018344163163979,0.674895443601447,0.932914427608681
2021-06-03,0.029673231357323,-0.0177710980638882,0.645504959587772,0.93491044800269
2021-06-04,-0.00815573468033667,0.0454085883729932,0.712572739886826,0.936849110584665
2021-06-07,0.0346548110622393,-0.0580913364637709,0.678779714056293,0.9387319416434
2021-06-08,-0.132430723632462,-0.0390319350409456,0.647597366184819,0.940560434284757
2021-06-09,0.0141854027463296,-0.0612112679810322,0.619988917421279,0.942336048677607
2021-06-10,-0.0652493035768173,0.0328699684029268,0.623072795060091,0.944060212333969
2021-06-11,0.106082386474384,-0.00195874612749449,0.596392112357551,0.945734320420195
2021-06-14,-0.0793448494154712,-0.0250680417720394,0.573169086231685,0.947359736096272
2021-06-15,-0.00834588763612967,-0.0703657965761504,0.550455962751354,0.948937790880444
2021-06-16,-0.0891447661073411,-0.0315791981097747,0.529802012607737,0.950469785036565
2021-06-17,0.0504481210302179,0.0205310219454658,0.510147723855175,0.951956987981725
2021-06-18,-0.0011822113192595,-0.000136129787843886,0.564008243529837,0.953400638711878
2021-06-21,-0.0624289211448552,-0.0270384304703931,0.884997544351139,0.954801946243309
2021-06-22,-0.0601464628493759,-0.0809849385984424,0.839860826678124,0.956162090067961
2021-06-23,-0.0776235349683247,-0.00599629270189644,0.797459096184946,0.957482220620733
2021-06-24,0.0850515303574395,-0.00403607391307873,0.777230837160544,0.958763459757017
2021-06-25,-0.0204853369380036,0.0272934474939037,0.739766010603476,0.960006901238848
2021-06-28,0.0234796649577247,-0.0675748021585697,0.705121605756286,0.961213611228163
2021-06-29,-0.15586609939393,-0.0409426229701699,0.809872729322763,0.962384628785755
2021-06-30,0.0289271077782016,-0.0387740032893939,0.769547936889698,0.963520966374636
2021-07-01,-0.0523356669390991,0.0344525510457768,0.839894109105776,0.964623610366592
2021-07-02,0.114470308907249,-0.012016992180059,0.800874252626714,0.965693521550827
2021-07-05,-0.112499623500014,-0.0416086921567816,0.779437604656062,0.966731635643659
2021-07-06,0.000490444180174764,-0.0628464338725182,0.742903760038865,0.967738863798331
2021-07-07,-0.0993925026194204,-0.015086775969524,0.841610692840191,0.968716093114057
2021-07-08,0.0811026965521028,0.0238191782453784,0.800480651589481,0.96966418714351
2021-07-09,-0.0489277576978739,-0.0133949344980935,1.04767272695734,0.970583986398012
2021-07-12,-0.0075888003897181,-0.0416834550621101,0.991134741970858,0.971476308849774
2021-07-13,-0.0878990004333791,-0.0698393969546188,0.934405980215336,0.972341950430551
2021-07-14,-0.0148338554535842,0.00663268304506176,0.882620041119196,0.97318168552619
2021-07-15,0.0499830642446708,0.00182542042035802,0.89985664732012,0.973996267466538
2021-07-16,-0.0744166996480491,0.00713215302492305,1.02734382357956,0.974786429010284
2021-07-19,0.0148566560710741,-0.0732967327334308,0.967309767207926,0.975552882824312
2021-07-20,-0.227692975834436,-0.0356826574520013,1.30260404836228,0.976296321957208
2021-07-21,0.140940925450114,-0.0189991880487094,1.22049223787287,0.977017420306601
2021-07-22,-0.101370594828725,0.0302031726922362,1.14916872067577,0.97771683308004
2021-07-23,0.173770599754854,-0.0252397383828411,1.12369545553373,0.97839519724917
2021-07-26,-0.187909365011023,-0.0520068625635342,1.05772017046528,0.979053131996975
2021-07-27,0.0493221118964608,-0.0503691395776092,0.99557058429981,0.979691239157911
2021-07-28,-0.112726321631598,-0.000772055698219316,1.00431087858652,0.980310103650755
2021-07-29,0.113857353023154,0.0203775711828222,0.947834873940136,0.980910293904045
2021-07-30,-0.0403421722899579,-0.0282916771588542,0.897653256438158,0.981492362274002
2021-08-02,-0.0466864362706749,-0.0500053545517366,0.936909965158289,0.98205684545483
2021-08-03,-0.0430083976227433,-0.0545592908702932,0.887594759590111,0.982604264881344
2021-08-04,-0.0448758689001424,0.0168242660764759,0.840963701278252,0.983135127123866
2021-08-05,0.113365699936081,0.00031289161687495,0.797859686201523,0.983649924275365
2021-08-06,-0.10027969714616,-0.0126111338901995,0.779567260436701,0.984149134330813
2021-08-09,0.0385604981553769,-0.0737792632499384,0.740764303846862,0.984633221558771
2021-08-10,-0.180619794387083,-0.0254838343554189,0.704853278376622,0.985102636865216
2021-08-11,0.132295221654842,-0.00399656230131827,0.673711629815513,0.985557818149615
2021-08-12,-0.0702235163572799,0.0205511127858812,0.645380511581313,0.985999190653318
2021-08-13,0.0948452600299264,-0.0387354499743052,0.659764011802025,0.98642716730028
2021-08-16,-0.162022112687056,-0.0555359096347143,0.630735355574847,0.986842149030198
2021-08-17,-0.00822792816234052,-0.0350091365087242,0.714228365948344,0.987244525124108
2021-08-18,-0.0347130388574435,0.00918379767777499,0.681569815448813,0.987634673522526
2021-08-19,0.0485849798944607,0.011210564255159,0.667989946737891,0.988012961136211
2021-08-20,-0.0427294759822251,-0.0421444067134993,0.901759965031809,0.988379744149627
2021-08-23,-0.0888900162078266,-0.0515496264744901,0.854233003752762,0.98873536831721
2021-08-24,-0.0324654638211679,-0.0373834175686532,0.810387665655352,0.989080169252524
2021-08-25,-0.00517024693700747,0.0225903603160515,0.769643192328554,0.989414472710412
2021-08-26,0.0933798529474316,-0.00711439551943632,0.732478665213193,0.989738594862244
2021-08-27,-0.0950369988697668,-0.0295565131147506,0.761009767239987,0.990052842564372
2021-08-30,-0.00234262290176901,-0.0686618311518289,0.724818365844883,0.990357513619899
2021-08-31,-0.139109249496878,-0.0130006799515903,0.689786081253681,0.990652897033875
2021-09-01,0.111883764811972,0.00486813129620387,0.693988927891981,0.990939273262043
2021-09-02,-0.0489868078803303,0.00689288918708587,0.662577905297647,0.991216914453233
2021-09-03,0.0465023574497007,-0.0499251667048865,0.633284055610342,0.991486084685543
2021-09-06,-0.157078535446242,-0.0525012776220889,0.663711150367207,0.991747040196404
2021-09-07,0.029259189041463,-0.0192035504823123,0.636741537127287,0.992000029606672
2021-09-08,-0.0320521289098701,0.0134911946524062,0.690489903899859,0.992245294138837
2021-09-09,0.0567802131067986,-0.0018606862957672,0.765969018308794,0.992483067829499
2021-09-10,-0.0964562170156923,-0.0526737136528806,0.890334661491058,0.992713577736206
2021-09-13,-0.0803084403746474,-0.0469000519332464,0.842616158818705,0.992937044138789
2021-09-14,-0.0134673410539529,-0.0207617820283824,0.800733765160295,0.9931536807353
2021-09-15,0.00881142775981074,0.0229029466385166,0.827673436075247,0.993363694832687
2021-09-16,0.0718735991105318,-0.0183104164123854,0.820797856350855,0.993567287532303
2021-09-17,-0.1282801005036,-0.0418098175594224,0.778472330868526,0.993764653910384
2021-09-20,-0.0238361036655677,-0.0586340000664342,0.855312790085207,0.993955983193599
2021-09-21,-0.12098669455358,-0.000898149095735049,0.933201352983236,0.994141458929789
2021-09-22,0.148959015392569,0.0071655730779012,0.886148561185775,0.994321259154013
2021-09-23,-0.0467582424365016,-0.00873556768018016,0.843366095898435,0.994495556550003
2021-09-24,0.0427264874855613,-0.0568936461292204,0.802177422791954,0.994664518607149
2021-09-27,-0.167805092441124,-0.0441361406589268,0.821408791490979,0.994828307773105
2021-09-28,0.0451821445432118,-0.00532294052112174,0.780048120653072,0.994987081602148
2021-09-29,-0.0300322379182964,0.011873989207352,0.819694790225211,0.995140992899368
2021-09-30,0.0822611334542158,-0.0165436189612927,0.781807150929448,0.995290189860817
2021-10-01,-0.103569242131067,-0.0583261238967273,0.797669363528875,0.995434816209693
2021-10-04,-0.0633774904786026,-0.0375158230149675,0.865291345770292,0.995575011328689
2021-10-05,-0.034155618238602,-0.00693901625918437,0.84196978376635,0.995710910388574
2021-10-06,0.0342360390821837,0.0177598299197871,0.801493752967599,0.995842644473128
2021-10-07,0.0245562762255368,-0.0308077760748379,0.942537464625073,0.995970340700511
2021-10-08,-0.0774985802717734,-0.0482497844747543,0.894336116756809,0.996094122341161
2021-10-11,-0.029346158540641,-0.0452161395678635,0.846913993347832,0.996214108932313
2021-10-12,-0.0415386906736439,0.00853787470122383,0.805133797631996,0.996330416389234
2021-10-13,0.0958271418530637,0.00342574659145684,0.790465610575691,0.996443157113249
2021-10-14,-0.064829539106472,-0.0240543676723763,0.750513495246698,0.996552440096655
2021-10-15,0.0209854100146805,-0.0586154662504833,0.717438701210269,0.996658371024595
2021-10-18,-0.146945629317674,-0.032354096663968,0.684356952265887,0.996761052373985
2021-10-19,0.0884027697567433,0.00470905248445225,0.690985275415168,0.996860583509568
2021-10-20,-0.0522884322759007,0.00502576326422375,0.65895812098303,0.996957060777173
2021-10-21,0.0684720340631639,-0.0304682497290021,0.629465834096672,0.997050577594255
2021-10-22,-0.155434968433991,-0.0584583180516785,0.678651458807182,0.997141224537793
2021-10-25,0.00532681702604425,-0.0254426245263845,0.648581972737099,0.997229089429617
2021-10-26,-0.042733453465923,0.00239485824062618,0.620345554080328,0.997314257419235
2021-10-27,0.0932100287070991,0.00808809960924239,0.596436506579345,0.997396811064231
2021-10-28,-0.0486277558455778,-0.0422098430973253,0.633597855543298,0.997476830408294
2021-10-29,-0.0649405871932657,-0.0486660794191152,0.605990303633969,0.997554393056964
2021-11-01,-0.0628252706636008,-0.0304327437693267,0.593810225178866,0.997629574251129
2021-11-02,0.00722233147549335,0.0137063626728622,0.571697814383639,0.997702446938363
2021-11-03,0.0674644037062679,-0.00499752180474394,0.576068146418855,0.997773081842154
2021-11-04,-0.0734480525216938,-0.0369369436048285,0.614260268193051,0.997841547529083
2021-11-05,-0.0178711362752854,-0.0550289298529344,0.589582270325968,0.997907910474006
2021-11-08,-0.122905722409719,-0.0194100909612782,0.566069921527355,0.997972235123315
2021-11-09,0.110307336559993,0.0096930061402088,0.543118878417624,0.998034583956306
2021-11-10,-0.0621314947195904,-0.00558045674672138,0.59140804973312,0.998095017544732
2021-11-11,0.0737787016400211,-0.0415636812558082,0.570290848179038,0.998153594610581
2021-11-12,-0.168263175320656,-0.0533642603122128,0.548875402787478,0.998210372082127
2021-11-15,0.0442252855780162,-0.0129529719767584,0.573860324691328,0.998265405148314
2021-11-16,-0.04815478006113,0.00633719024004183,0.550094886053322,0.998318747311516
2021-11-17,0.0716944679496644,-0.00448758622609304,0.56999018590638,0.998370450438718
2021-11-18,-0.0915441674648631,-0.0505451075807885,0.630176528883712,0.998420564811165
2021-11-19,-0.075188492971053,-0.043739199807986,0.659211244481543,0.998469139172527
2021-11-22,-0.0428941557122435,-0.0164368290713515,0.682776501956228,0.998516220775618
2021-11-23,0.0229967680231936,0.0138704892015408,0.652920697070152,0.998561855427715
2021-11-24,0.0571816279963562,-0.0161855140088145,0.623889180416933,0.998606087534514
2021-11-25,-0.0840497719749225,-0.0457478834784961,0.597335878030634,0.998648960142771
2021-11-26,-0.0171725002186555,-0.0469569198745396,0.573533347086633,0.998690514981655
2021-11-29,-0.16734988238764,-0.00753089081600402,1.39707511529171,0.998730792502857
2021-11-30,0.137110882002461,0.00929325188709237,1.30730273511485,0.998769831919496
2021-12-01,-0.139379556420217,-0.0179883363788036,1.34231930313138,0.998807671243848
2021-12-02,0.13634046085179,-0.048359081055713,1.26007394420322,0.998844347323939
2021-12-03,-0.220096128449752,-0.0441533087580574,1.27597360429081,0.998879895879036
2021-12-06,0.123400453551034,-0.00217790155139381,1.19382225986175,0.998914351534061
2021-12-07,-0.0710223874747393,0.00486189102427582,1.12440358592784,0.998947747852971
2021-12-08,0.116881941692162,-0.0179655650042744,1.06186197908093,0.998980117371127
2021-12-09,-0.078121138237724,-0.0545303620658208,1.02015271044174,0.999011491626683
2021-12-10,-0.0580331117922371,-0.0348785926252757,0.979582063191469,0.999041901191026
2021-12-13,-0.0106352674139747,-0.00514721212245448,0.972008959184443,0.999071375698295
2021-12-14,-0.0670572028998932,0.00919124977512659,1.03585491156669,0.999099943874003
2021-12-15,0.0935196544920167,-0.0279858076002155,0.990124608117572,0.999127633562797
2021-12-16,-0.190617823970898,-0.049573879163292,1.04283597346441,0.99915447175537
2021-12-17,0.123661369963998,-0.0358981796511412,0.987117343480842,0.999180484614563
2021-12-20,-0.193852210414687,0.00142377968117512,0.930524699280146,0.999205697500664
2021-12-21,0.201715586384413,0.00402907585641388,0.995241702578658,0.999230134995957
2021-12-22,-0.172410890841171,-0.030105929881558,0.94261403380374,0.999253820928504
2021-12-23,0.12324715051907,-0.0501675381747661,0.89293391341961,0.999276778395221
2021-12-29,-0.174286357401131,-0.0325100934496099,0.845559776521072,0.999299029784243
2021-12-30,0.118718322559856,0.00521137860015263,0.804151615919395,0.999320596796615
2022-01-04,-0.076257235108903,-0.00123744439241546,0.813517282038878,0.999341500467317
2022-01-05,0.0706194863223436,-0.0303198210692184,0.777280343038605,0.999361761185653
2022-01-06,-0.0924664501421483,-0.0537079085898955,0.747887679598278,0.999381398715021
2022-01-07,-0.045685055578372,-0.0239561325247672,0.804859757161531,0.999400432212074
2022-01-10,0.0237590930329944,0.00204617670066725,0.765550058288916,0.999418880245304
2022-01-11,-0.0586983682896751,0.000620628818580493,0.730590063210301,0.999436760813057
2022-01-12,0.0850084601935439,-0.0383573086455997,0.695336452670385,0.999454091360999
2022-01-13,-0.164990653876821,-0.0483206243831756,0.665801468813888,0.99947088879905
2022-01-14,0.107725306192533,-0.0237311864448637,0.636589678792405,0.999487169517798
2022-01-17,-0.158125279339579,0.00621807337678305,0.663818209917176,0.999502949404419
2022-01-18,0.182598436053551,-0.00486902102944059,0.637738093781374,0.999518243858104
2022-01-19,-0.204060241559638,-0.0400466767882413,0.732494639931975,0.99953306780502
2022-01-20,0.123310315782359,-0.0471328954729735,0.699072840908811,0.99954743571281
2022-01-21,-0.201621666235387,-0.0203830762368921,0.69197552088946,0.999561361604658
2022-01-24,0.119223006759954,0.00822568236396841,0.81359991677039,0.999574859072912
2022-01-25,-0.160002974423743,-0.0105299199431661,1.2660208800869,0.999587941292301
2022-01-26,0.05760232358349,-0.0398272675456487,1.18897316816731,0.999600621032745
2022-01-27,-0.0885902810216019,-0.0484445861718181,1.11943527405774,0.999612910671772
2022-01-28,0.044311659714266,-0.0129854993276992,1.05600355645461,0.999624822206557
2022-01-31,0.00971462618121327,0.00446860988115308,1.17414708788067,0.99963636726559
2022-02-01,-0.0568886695628984,-0.0103186102592109,1.10533519507067,0.999647557119992
2022-02-02,0.0352059939458531,-0.0456732789375075,1.04235101938165,0.99965840269448
2022-02-03,-0.143220918687792,-0.0426714881092315,0.983282882588582,0.999668914578
2022-02-04,0.133801521032772,-0.0123833670201422,1.00870461777876,0.999679103034031
2022-02-07,-0.157811823965653,0.0063804563631388,0.99192031441984,0.999688978010578
2022-02-08,0.163751799169454,-0.015704583732271,0.938555755478086,0.999698549149854
2022-02-09,-0.244143474193042,-0.0464109475623159,0.920707051845067,0.99970782579767
2022-02-10,0.181957928413079,-0.0401427586813022,0.874781660556727,0.999716817012535
2022-02-11,-0.184302187085002,-0.00965622497347223,0.828474134920198,0.999725531574479
2022-02-14,0.191159029622037,0.00665639128871584,0.785328444836917,0.999733977993601
2022-02-15,-0.225991378697827,-0.0212166056753945,1.05732149523655,0.999742164518362
2022-02-16,0.0670268280843442,-0.045320590315762,0.995481294754881,0.999750099143622
2022-02-17,-0.125486132320035,-0.0398031397140487,0.941698537903025,0.999757789618422
2022-02-18,0.0651176927781824,-0.00380243806384949,0.997912133820686,0.999765243453543
2022-02-21,-0.000355727835393889,0.00221820120242517,0.993777516748842,0.99977246792882
2022-02-22,-0.0971919913379395,-0.0218236271192909,0.99138819946593,0.999779470100237
2022-02-23,0.0236087417322926,-0.0489375797716932,0.935324732431364,0.999786256806805
2022-02-24,-0.148604833954962,-0.0339256803925579,0.883265706486126,0.999792834677229
2022-02-25,0.102342252801817,-0.00351985038989297,1.56074433607866,0.999799210136369
2022-02-28,-0.088131315855417,0.00221442547818464,1.46546127236522,0.999805389411501
2022-03-01,0.0719843152288758,-0.026615318422316,1.40987682968409,0.999811378538394
2022-03-02,-0.174704089069401,-0.048468765408514,1.58205941815524,0.999817183367187
2022-03-03,0.115528680137747,-0.0306316721420463,1.47584005829432,0.999822809568103
2022-03-04,-0.183122386578328,-0.00185663268185695,1.79366609454284,0.999828262636971
2022-03-07,0.0899540860540413,0.00104441653529987,2.17655682657629,0.999833547900589
2022-03-08,-0.235028572768237,-0.0314374787972207,2.06828762299287,0.999838670521917
2022-03-09,0.0811214246060468,-0.046333033001899,1.90696645633536,0.999843635505119
2022-03-10,-0.0321713572717024,-0.0293157399892348,1.77380685144365,0.999848447700434
2022-03-11,0.0820409790335087,0.00220362500801392,1.8186501784502,0.999853111808918
2022-03-14,-0.00515498144892721,-0.00390376470375479,1.68520403417358,0.999857632387021
2022-03-15,-0.0971709071738087,-0.0321219876981255,1.56471748817903,0.99986201385104
2022-03-16,0.00360528797968065,-0.0478865650005779,1.47456579121889,0.999866260481422
2022-03-17,-0.0267420588607939,-0.0237510597116655,1.379267578062,0.999870376426943
2022-03-18,0.130738227131787,0.00170124349870466,1.29201570199341,0.999874365708758
2022-03-21,-0.0893381729759161,-0.00531234076785531,1.20839257419814,0.99987823222432
2022-03-22,0.0227455146860818,-0.0358764864047951,1.1343958662198,0.999881979751188
2022-03-23,-0.142408376024139,-0.0462228608493322,1.06651451750381,0.999885611950711
2022-03-24,0.103316364623182,-0.0203138458301549,1.01295298268621,0.999889132371602
2022-03-25,-0.0571411603140259,0.00205885103383651,0.955860382624395,0.999892544453401
2022-03-28,0.0456049895760734,-0.00746554778310903,0.903019301219914,0.999895851529835
2022-03-29,-0.142423527882817,-0.0395647793472577,0.878864217658916,0.999899056832068
2022-03-30,0.0203291683361366,-0.0431210317580606,0.835436934190238,0.999902163491855
2022-03-31,-0.00695447712424936,-0.0187025587843199,0.793706739952584,0.999905174544603
2022-04-01,0.0361466154566868,0.00426819931015943,0.876165150662771,0.999908092932331
2022-04-04,-0.0344621137253725,-0.0125686489237462,0.829994183326366,0.999910921506544
2022-04-05,-0.108208206202764,-0.0397519810151435,0.7878391411478,0.999913663031013
2022-04-06,0.028002282114365,-0.042969230864592,0.751179942508107,0.999916320184478
2022-04-07,-0.0393531420436918,-0.0138973101631638,0.766918306584449,0.999918895563261
2022-04-08,0.0938093681039465,0.00277401153324841,0.790904713316857,0.999921391683801
2022-04-11,-0.114701453404514,-0.0147737415531304,0.756521809337584,0.999923810985111
2022-04-12,-0.00995776944028493,-0.042159552387429,0.799699189473986,0.99992615583116
2022-04-13,-0.0977257690605508,-0.0403515841209192,0.836408088485839,0.999928428513181
2022-04-14,0.0858892426056468,-0.0108928256548153,0.793083527565034,0.999930631251908
2022-04-15,-0.0370500829936245,0.00181066704220096,0.754193904733862,0.999932766199745
2022-04-18,-0.00495372693437585,-0.0173537504296819,0.717004269001847,0.999934835442868
2022-04-19,-0.107094856318819,-0.044437671839616,0.682587979096503,0.999936841003262
2022-04-20,0.00344821809967412,-0.0365708368678628,0.663524674953171,0.999938784840696
2022-04-21,0.0231371974901961,-0.00958363342660897,0.634638129169181,0.999940668854636
2022-04-22,0.00352332658004026,0.00231930562525261,0.611960935830297,0.999942494886101
2022-04-25,-0.0710580313458547,-0.0221663118913075,0.816577604949879,0.99994426471946
2022-04-26,-0.129645294394776,-0.0437713810984197,1.0697734368478,0.999945980084176
2022-04-27,0.0057563650868635,-0.0352179764532953,1.00675233816902,0.999947642656494
2022-04-28,-0.0024063652194186,-0.00591781242771181,0.950546402263782,0.999949254061081
2022-04-29,0.090399697271428,-0.000124368520124714,0.901575205593845,0.999950815872608
2022-05-02,-0.0966754161553068,-0.0245464013187434,0.853766930217685,0.999952329617291
2022-05-03,-0.00583360705268819,-0.0447088631546137,0.808795151921278,0.999953796774383
2022-05-04,-0.0708927408180951,-0.0320500654722508,0.76801850008534,0.999955218777616
2022-05-05,0.0592749844711775,-0.00379543986341705,0.853317591473551,0.999956597016603
2022-05-06,-0.0319217693431963,-0.00221122309939879,0.808282403788908,0.999957932838197
2022-05-09,-0.0731832776730032,-0.0269947973379529,1.00604394100399,0.999959227547802
2022-05-10,-0.114704739329595,-0.0455058507758366,1.31471586141129,0.999960482410653
2022-05-11,-0.0212482128779384,-0.0280129544253505,1.2303503567441,0.999961698653051
2022-05-12,0.0600686242871556,-0.00322959115152193,1.15773747743319,0.999962877463556
2022-05-13,-0.0214173729259245,-0.0030681340942642,1.33127710623196,0.999964019994158
2022-05-16,0.0287205079572486,-0.0310767670622621,1.2535479893767,0.999965127361391
2022-05-17,-0.12239833069404,-0.0438676664887848,1.17537558124221,0.999966200647433
2022-05-18,0.0986675386561611,-0.0260385846271617,1.10536581131801,0.999967240901158
2022-05-19,-0.073145839173589,-0.000943355428514946,1.21064588839238,0.999968249139162
2022-05-20,0.0378380864184584,-0.00621290136841854,1.40033693519718,0.999969226346757
2022-05-23,-0.127034704164851,-0.0330810328195177,1.31045261792943,0.999970173478933
2022-05-24,0.00776098538729285,-0.0434149246420535,1.23166276347267,0.999971091461292
2022-05-25,-0.000901337751665001,-0.0228025295774537,1.20805551956162,0.999971981190948
2022-05-26,0.0592291897938275,3.01323294882513e-05,1.1337555655051,0.999972843537411
2022-05-27,-0.0185201736616691,-0.00905973888899765,1.06618046041207,0.99997367934343
2022-05-30,-0.0926285382778143,-0.0349223628585573,1.00381101376084,0.999974489425819
2022-05-31,-0.0118204081875074,-0.0428665567995751,0.946893838335384,0.999975274576255
2022-06-01,-0.0283495913600953,-0.0189808246966647,0.89418116411496,0.999976035562052
2022-06-02,0.0760195107754703,-0.000387188468645869,0.987438637546062,0.99997677312691
2022-06-03,-0.110839114505618,-0.0108152704280941,0.941234621288785,0.99997748799164
2022-06-06,-0.0167639088411526,-0.0379228348812571,0.888999943443183,0.999978180854871
2022-06-07,-0.0917178945497477,-0.0403602348938429,0.844785253327422,0.999978852393734
2022-06-08,0.102873521197623,-0.0169585224213302,0.80435156570131,0.999979503264517
2022-06-09,-0.03362450027442,0.000460698934585137,0.788278875075722,0.999980134103313
2022-06-10,-0.0281071026729541,-0.0142750285882318,0.988585505769384,0.999980745526639
2022-06-13,-0.17955413455168,-0.0391407297780491,1.27067217174603,0.999981338132038
2022-06-14,-0.0354280019034774,-0.0387807638701337,1.3875792228633,0.999981912498664
2022-06-15,-0.00309564264194053,-0.0141268966154571,1.32436313567485,0.999982469187845
2022-06-16,0.0757361685913152,0.000225483448968306,1.24190049482377,0.999983008743636
2022-06-17,-0.117761889369452,-0.0174219038598243,1.70131664235029,0.999983531693349
2022-06-20,-0.0679511577449301,-0.0400480716269673,1.61663263839871,0.999984038548064
2022-06-21,-0.0534720967563067,-0.037197423001318,1.50711632948704,0.999984529803136
2022-06-22,0.0836917422978353,-0.0109560466930096,1.40418510573604,0.999985005938672
2022-06-23,0.0349324567593449,-0.00120110564966516,1.44653561124961,0.999985467420005
2022-06-24,-0.0961049714202748,-0.0195497641869768,1.49096872454797,0.999985914698148
2022-06-27,-0.0216958331905515,-0.0417655008134692,1.39860848222377,0.99998634821023
2022-06-28,-0.0717379108621267,-0.0341028040752286,1.30713137981313,0.99998676837993
2022-06-29,0.183517972736825,-0.00937618767671756,1.22539349155797,0.999987175617886
2022-06-30,-0.076735388219317,-0.00166222550532313,1.19379911221875,0.999987570322099
2022-07-01,-0.0140015893088947,-0.0228824451300686,1.4085239832741,0.999987952878322
2022-07-04,-0.212124162650098,-0.0419714425898462,1.31331790514991,0.999988323660433
2022-07-05,0.0709028607487893,-0.0317949311234434,1.23153852405874,0.999988683030806
2022-07-06,-0.0365181271805093,-0.00733393687489156,1.63631932902819,0.999989031340662
2022-07-07,0.11035254453448,-0.00296806984494579,1.52340374978469,0.999989368930412
2022-07-08,-0.153888925818162,-0.0258527214562769,1.42104397547686,0.99998969612999
2022-07-11,-0.026499343706442,-0.0418038127671067,1.32561217949706,0.999990013259178
2022-07-12,-0.0202157626123482,-0.02960374298849,1.23842521886099,0.999990320627912
2022-07-13,0.0766995571515581,-0.00514125655866807,1.16009331450651,0.999990618536594
2022-07-14,0.0101276410294629,-0.0052366823665874,1.20561790725787,0.999990907276377
2022-07-15,-0.183081468394032,-0.0278455060460259,1.3774397320503,0.999991187129456
2022-07-18,0.00861568657043808,-0.0422156815862433,1.29258595146268,0.999991458369338
2022-07-19,-0.0689819685463047,-0.0263091898284199,1.21189987711883,0.999991721261116
2022-07-20,0.245880251802035,-0.00435028530352507,1.13948609149289,0.999991976061721
2022-07-21,-0.16164129481608,-0.00671517771300868,1.16666307284767,0.999992223020177
2022-07-22,0.0359946306755794,-0.0306349541264951,1.09509626474242,0.999992462377846
2022-07-25,-0.246535442209632,-0.0413832225900928,1.02917788210675,0.99999269436866
2022-07-26,0.184333011819883,-0.0237383058675591,0.971536635897027,0.999992919219352
2022-07-27,-0.0383517376052488,-0.00333766149120344,0.941828604396815,0.999993137149675
2022-07-28,0.0886685089738046,-0.00879438545150351,0.891548411809879,0.99999334837262
2022-07-29,-0.197681687308761,-0.0330116608996897,0.855285457104183,0.999993553094624
2022-08-01,-0.0164458653145886,-0.0401911518518129,0.814696974794491,0.999993751515769
2022-08-02,0.0312081797792568,-0.0214107449734866,0.788967168916264,0.999993943829979
2022-08-03,0.0647264447239267,-0.00229421117150621,0.761250318121059,0.99999413022521
2022-08-04,0.012481389494583,-0.011592091950245,0.725079862219569,0.999994310883633
2022-08-05,-0.208425411905654,-0.0344517954123926,0.690096431679757,0.999994485981813
2022-08-08,0.0443482056509428,-0.0394512908862001,0.658117109125825,0.99999465569088
2022-08-09,-0.0653232232390673,-0.0183358493293425,0.630300539149781,0.999994820176697
2022-08-10,0.218896389792251,-0.0024591869487604,0.602991379611055,0.999994979600023
2022-08-11,-0.201647264107924,-0.0136852680862847,0.577236637893141,0.99999513411667
2022-08-12,0.0160877392114826,-0.0363774140531902,0.603757139070792,0.999995283877652
2022-08-15,-0.195631637243301,-0.0377364785217721,0.579643651733841,0.999995429029337
2022-08-16,0.203259525562513,-0.0159601521242929,0.556671744821706,0.999995569713588
2022-08-17,-0.0453524034321032,-0.00254272808883247,0.534709066894154,0.999995706067903
2022-08-18,0.026090257044019,-0.0161415353983902,0.545842938453792,0.999995838225544
2022-08-19,-0.192320123352934,-0.0378644214986791,0.525314349087196,0.999995966315677
2022-08-22,0.000509211290076159,-0.0357373521292601,0.50614118533956,0.999996090463489
2022-08-23,0.0607757650584126,-0.0139377131488643,0.518713574115055,0.999996210790316
2022-08-24,0.0260089749071659,-0.00264439806560847,0.601145237990684,0.999996327413757
2022-08-25,-0.0465855998759877,-0.0190753259392124,0.61079630550309,0.999996440447795
2022-08-26,-0.19107724291171,-0.038476896290956,0.584973110270445,0.999996550002903
2022-08-29,0.0466907692884541,-0.034144239054944,0.636149597044644,0.999996656186153
2022-08-30,-0.00968055018012208,-0.0114587458361611,0.614325133755886,0.999996759101324
2022-08-31,0.119491322380873,-0.00374683564901819,0.722807247967386,0.999996858848999
2022-09-01,-0.214083012649186,-0.0213356339267045,0.870941005078049,0.999996955526667
2022-09-02,-0.0605469746895401,-0.0393614734275722,1.08714380184864,0.999997049228815
2022-09-05,-0.0726572637741235,-0.031842833713401,1.02935657293841,0.999997140047022
2022-09-06,0.169269523555768,-0.00966094119759674,0.969705361462469,0.99999722807005
2022-09-07,2.27678874444641e-05,-0.00482054166905453,0.91463057790836,0.999997313383927
2022-09-08,-0.0840100745367909,-0.0237442553344738,0.990462076727721,0.999997396072035
2022-09-09,-0.143925060377943,-0.0398210025336577,0.93523562613574,0.999997476215189
2022-09-12,0.0312854146471314,-0.0293722057906579,0.888537706696293,0.999997553891716
2022-09-13,0.139281392597033,-0.00829078413736774,0.846795777412746,0.999997629177535
2022-09-14,0.00209478309431986,-0.00589887134941119,1.00382248473785,0.999997702146224
2022-09-15,-0.119570831314214,-0.0264131194699633,1.17132638794561,0.999997772869101
2022-09-16,-0.180053947304582,-0.0395007677580388,1.09908843851922,0.999997841415286
2022-09-19,0.0334347733414653,-0.0273157876984059,1.09501586058995,0.999997907851772
2022-09-20,0.0856995254559812,-0.00668004348666218,1.03348626581669,0.999997972243491
2022-09-21,0.031544389226925,-0.00775689781682079,1.07246466031888,0.999998034653377
2022-09-22,-0.138510826996379,-0.0284174609637657,1.01074521161869,0.999998095142426
2022-09-23,-0.132722627970761,-0.039330978940005,1.09038101755303,0.999998153769757
2022-09-26,-0.00705322660654471,-0.0248028196936504,1.3109747674722,0.999998210592668
2022-09-27,0.102945655146999,-0.00571548083452204,1.22520684544323,0.999998265666697
2022-09-28,-0.0255604862826079,-0.00957089898324201,1.23482642496845,0.99999831904567
2022-09-29,-0.102935264856596,-0.0303946549254624,1.15729889976727,0.999998370781756
2022-09-30,-0.160203673058256,-0.0387933601292346,1.33956288511624,0.99999842092552
2022-10-03,0.0791095169309896,-0.0222511932940486,1.25226740087134,0.999998469525971
2022-10-04,0.0591609472601614,-0.005205453113103,1.17238393062046,0.999998516630607
2022-10-05,0.0783692105944676,-0.0113294811465034,1.10922061294447,0.999998562285467
2022-10-06,-0.169363320910979,-0.0324565049491631,1.12044539636007,0.999998606535171
2022-10-07,-0.0556673218794315,-0.0376048344914568,1.13963150686283,0.999998649422967
2022-10-10,0.00216469808298093,-0.0201484991416463,1.07398636919741,0.999998690990772
2022-10-11,0.0812872543498007,-0.00459268339739101,1.07405575688331,0.999998731279211
2022-10-12,-0.0357952779031367,-0.0136428932914971,1.17941759004169,0.999998770327661
2022-10-13,-0.173792758958321,-0.0338672571304264,1.2237137351425,0.999998808174286
2022-10-14,-0.0322112380095772,-0.0365235732509342,1.14802431915697,0.999998844856075
2022-10-17,-0.00106496750849108,-0.0178108163768736,1.07779072182406,0.99999888040888
2022-10-18,0.179480027909749,-0.00456095627491346,1.01680219498377,0.999998914867448
2022-10-19,-0.118468770402082,-0.0158528433386531,0.95784989486034,0.999998948265457
2022-10-20,-0.0372790850129482,-0.0351274818393807,0.910757916782867,0.999998980635548
2022-10-21,-0.158533485976646,-0.0351698558466073,0.861900224803325,0.99999901200936
2022-10-24,0.155613561546335,-0.0155569204976496,0.817998931895014,0.999999042417554
2022-10-25,0.0127955601402856,-0.00495961083577728,0.77748197012793,0.999999071889851
2022-10-26,0.0134184803314345,-0.017921494516158,0.741063092068217,0.999999100455056
2022-10-27,-0.166276629578429,-0.0363509685464011,0.707146581316986,0.999999128141086
2022-10-28,-0.0290937826644339,-0.0333206190608265,0.675151523599647,0.999999154975001
2022-10-31,0.0610339812971802,-0.0137876409641591,0.692539678977352,0.999999180983027
2022-11-01,0.0659618757206735,-0.00531961563948359,0.662419170749139,0.999999206190583
2022-11-02,-0.0213728918981608,-0.0203310742013361,0.637088751554199,0.999999230622306
2022-11-03,-0.17398416925504,-0.0369595931739019,0.692120235826097,0.999999254302074
2022-11-04,0.0311721614212948,-0.0315947400658533,0.662815667885064,0.99999927725303
2022-11-07,0.0320447290706505,-0.0119604157043113,0.64058298164935,0.999999299497607
2022-11-08,0.129282534733037,-0.00616238843672318,0.686445986155419,0.999999321057544
2022-11-09,-0.139418476352379,-0.0225588060537556,0.660604812747177,0.999999341953913
2022-11-10,-0.0818469107010321,-0.0373528509382201,0.630481027637451,0.999999362207138
2022-11-11,-0.0659842680484407,-0.0297169790353392,0.607300392477107,0.999999381837013
2022-11-14,0.112416079340793,-0.0103117007066255,0.688934787121,0.999999400862723
2022-11-15,0.0391933686260066,-0.00736524660544203,0.659897688155131,0.999999419302864
2022-11-16,-0.0882817757057502,-0.0245555243226602,0.665678302470227,0.999999437175457
2022-11-17,-0.126762463558099,-0.0376472394973763,0.657605135910869,0.999999454497971
2022-11-18,-0.031686574930293,-0.0275116425726001,0.627947127175612,0.999999471287336
2022-11-21,0.110588378005141,-0.00916400773502498,0.60251099526615,0.999999487559961
2022-11-22,0.016534985943444,-0.00853143263936655,0.609139546565289,0.99999950333175
2022-11-23,-0.0541105994287341,-0.0267063608666468,0.586906245902696,0.999999518618118
2022-11-24,-0.147435895994882,-0.0373948279954214,0.563067654861002,0.999999533434005
2022-11-25,0.0351931326369353,-0.0254822417796645,0.540700837812143,0.999999547793891
2022-11-28,0.0608903478354066,-0.00808073142259579,0.520173159770766,0.999999561711811
2022-11-29,0.0385006919972466,-0.0100548935188256,0.533172087827616,0.999999575201368
2022-11-30,-0.112879555670857,-0.0286013358567549,0.514125483591997,0.999999588275746
2022-12-01,-0.0932687436884671,-0.0369197045440026,0.498245119274074,0.999999600947723
2022-12-02,0.0184970107482085,-0.023429422953961,0.493685240443122,0.999999613229684
2022-12-05,0.081995516650752,-0.00722983719066479,0.482200825850039,0.999999625133633
2022-12-06,0.0101452538188632,-0.0118339766818759,0.464957248821386,0.999999636671205
2022-12-07,-0.147228434319364,-0.0301916387134601,0.544418714331982,0.999999647853675
2022-12-08,-0.0842508084723134,-0.0363399307092119,0.563363865255095,0.999999658691973
2022-12-09,-0.00925788778267368,-0.0212123453151919,0.560568991564264,0.999999669196692
2022-12-12,0.120611987650116,-0.00686427666269889,0.537984323852442,0.999999679378099
2022-12-13,-0.0546761837932256,-0.0135335489498221,0.596163171533336,0.999999689246144
2022-12-14,-0.0687259450503554,-0.03179034213213,0.574087137927059,0.999999698810473
2022-12-15,-0.131121193991032,-0.0353131307637379,0.553619383553826,0.999999708080432
2022-12-16,0.0712441469423559,-0.0192368550499421,0.655548163079822,0.999999717065082
2022-12-19,0.0157449139482404,-0.00662694105709605,0.842417359430316,0.999999725773203
2022-12-20,-0.00945817630624236,-0.0154501253859854,0.80015146596878,0.999999734213308
2022-12-21,-0.138978661218885,-0.0330821324992428,0.761302018437915,0.999999742393645
2022-12-22,-0.0148382235787423,-0.0341054434155873,0.73086834865367,0.999999750322209
2022-12-23,0.0541208965916326,-0.0173560588403614,0.74674259874116,0.999999758006749
2022-12-28,0.0794678728564887,-0.00662970513078639,0.710567287702948,0.999999765454775
2022-12-29,-0.0533754862687963,-0.0175003519472248,0.677612221407364,0.999999772673568
2022-12-30,-0.140303588428134,-0.0340266028308227,0.647244232460984,0.999999779670182
2023-01-03,-0.0357568646460455,-0.0328335710559923,0.718809587257259,0.999999786451455
2023-01-04,0.0628165372617186,-0.0154526698236308,0.689908000150455,0.999999793024015
2023-01-05,0.0980906096385309,-0.00706552414500474,0.658960451041931,0.999999799394287
2023-01-06,-0.0813845505622003,-0.0194038439476248,0.631117631256956,0.999999805568495
2023-01-09,-0.0736263286259727,-0.0348840107165846,0.607003436583774,0.999999811552674
2023-01-10,-0.073996286321443,-0.0312383516796481,0.582460009891474,0.999999817352674
2023-01-11,0.121238076248852,-0.0138485835054443,0.604395146445852,0.999999822974162
2023-01-12,-0.00432926201199313,-0.00763801949639931,0.579514780794153,0.999999828422633
2023-01-13,-0.0159512471651752,-0.0213851939371262,0.55895456843683,0.999999833703411
2023-01-16,-0.155587457975385,-0.0354182362620847,0.538877356154612,0.999999838821659
2023-01-17,0.0369130759885156,-0.0295391092166431,0.51899082365069,0.999999843782379
2023-01-18,0.0326792839496797,-0.0124309900487408,0.520619656285911,0.999999848590418
2023-01-19,0.0553765510990767,-0.00841478022427964,0.542861578591576,0.999999853250476
2023-01-20,-0.145657872493448,-0.0233790833310545,0.703881314781288,0.999999857767108
2023-01-23,-0.0902888013398817,-0.0356016806899626,0.672260119304243,0.999999862144727
2023-01-24,-0.0179073690320077,-0.0278470032379824,0.642341692671721,0.999999866387614
2023-01-25,0.0911997687078331,-0.0110969645087418,0.661473916486525,0.999999870499913
2023-01-26,0.0175403842157907,-0.00953916948146841,0.667120039226795,0.999999874485644
2023-01-27,-0.121890631463494,-0.0251552480017976,0.637267679539821,0.999999878348704
2023-01-30,-0.0777835293045953,-0.0356555700911648,0.609571340278885,0.999999882092866
2023-01-31,-0.0136608106297163,-0.0259660230385459,0.584547440032375,0.999999885721792
2023-02-01,0.125902382862424,-0.0100959658500835,0.581995477204897,0.999999889239027
2023-02-02,-0.0478447170156662,-0.0107630680699462,0.595209646014244,0.99999989264801
2023-02-03,-0.0521006841490763,-0.0268873785503494,0.573160022042965,0.999999895952071
2023-02-06,-0.130648646334153,-0.0354089071940221,0.553856923098113,0.99999989915444
2023-02-07,0.0768140618698126,-0.0240753519731532,0.637608961031698,0.999999902258248
2023-02-08,0.0448730364903523,-0.00933579896420469,0.610317113320783,0.999999905266527
2023-02-09,0.0112546640842579,-0.0121212272963236,0.584765471714255,0.999999908182217
2023-02-10,-0.135893738451312,-0.0285288612254036,0.561476371568915,0.999999911008169
2023-02-13,-0.0712749218154935,-0.0348479398254084,0.571096122087847,0.999999913747145
2023-02-14,0.0549742791708697,-0.0222759412158519,0.551136140162339,0.999999916401821
2023-02-15,0.0687256225422098,-0.00872138376926851,0.529028174677757,0.999999918974791
2023-02-16,-0.0025523828446855,-0.0137183090692088,0.510325582200716,0.999999921468571
2023-02-17,-0.14663882958065,-0.029895823464731,0.491686760595606,0.999999923885598
2023-02-20,-0.0400119848058477,-0.0341638034035126,0.473720580033055,0.999999926228234
2023-02-21,0.0251340336488568,-0.0204174255600114,0.457430312209131,0.999999928498769
2023-02-22,0.0827171866276514,-0.00844032358005638,0.514363560960777,0.999999930699422
2023-02-23,-0.081098528606109,-0.0153467676171765,0.598236502010046,0.999999932832343
2023-02-24,-0.117129764728948,-0.0311275558765065,0.602286858264959,0.999999934899618
2023-02-27,-0.0783471725315483,-0.0332373180139163,0.612306885000204,0.999999936903266
2023-02-28,0.0909998433515062,-0.0186427967926545,0.588960584621367,0.999999938845247
2023-03-01,0.0359398882707221,-0.00841217102782764,0.692647925969566,0.999999940727458
2023-03-02,-0.0319351605095887,-0.0170194015740894,0.661918726741964,0.999999942551738
2023-03-03,-0.139967270204464,-0.0321965401506445,0.633297302021141,0.999999944319871
2023-03-06,-0.0226404287340281,-0.0320668244128614,0.605913413015902,0.999999946033584
2023-03-07,0.0659428528602832,-0.0170385075353039,0.607546116156959,0.999999947694553
2023-03-08,0.0410723547838794,-0.00854603395670708,0.609129620691787,0.999999949304402
2023-03-09,-0.0605021550013932,-0.018812928681525,0.583159641514135,0.999999950864702
2023-03-10,-0.158921827950052,-0.0329614210312996,0.643836625890928,0.99999995237698
2023-03-13,-0.0237680101137836,-0.0308183498954131,0.866665976015689,0.999999953842713
2023-03-14,-0.0188054501569687,-0.0154852702806012,1.26386606148127,0.999999955263334
2023-03-15,0.0938579446458352,-0.00897803980422711,1.18706319394319,0.999999956640232
2023-03-16,-0.226603082424794,-0.0205559424458158,1.81272354264468,0.999999957974751
2023-03-17,0.00907848581870807,-0.0335391422252817,1.68147925575887,0.999999959268197
2023-03-20,-0.158659556021682,-0.029411872045188,1.70262744542999,0.999999960521834
2023-03-21,0.234526466525827,-0.0140926020477113,1.58255935089685,0.999999961736886
2023-03-22,-0.0517267094723319,-0.00963468073970988,1.47635522487736,0.999999962914542
2023-03-23,0.0160679382308804,-0.0222491387977491,1.37635772826004,0.999999964055952
2023-03-24,-0.162594922364649,-0.0339205855256479,1.41304294312077,0.999999965162232
2023-03-27,-0.023191778759874,-0.0278540936224663,1.47468433332099,0.999999966234463
2023-03-28,0.105647575966502,-0.0129293101449293,1.37666012570803,0.999999967273693
2023-03-29,-0.0486996248324945,-0.0104282558040105,1.28473430034787,0.999999968280937
2023-03-30,0.0497496786546823,-0.0239511777576335,1.2056911738459,0.999999969257181
2023-03-31,-0.217542202018758,-0.0340022352902329,1.13231468711143,0.999999970203379
2023-04-03,0.16798370015742,-0.0262880321371006,1.06433571765585,0.999999971120454
2023-04-04,-0.09378214782972,-0.0118958707075814,1.00245517489014,0.999999972009304
2023-04-05,0.168901969197242,-0.0114538349330364,0.944891455462119,0.999999972870797
2023-04-06,-0.254997490173737,-0.0255241728604158,0.93387678052939,0.999999973705775
2023-04-07,0.0774340696849148,-0.0338865701114464,0.88694629348419,0.999999974515054
2023-04-10,-0.121054123302717,-0.0246610575200575,0.849510143811255,0.999999975299425
2023-04-11,0.185219080734948,-0.0110709619019243,0.804986296421721,0.999999976059655
2023-04-12,-0.0936366467683285,-0.0126433215280376,0.765143944372294,0.999999976796487
2023-04-13,-0.0345584313725673,-0.0269649744721623,0.729340752124815,0.999999977510641
2023-04-14,-0.0919538052229742,-0.0335807172777989,0.695042694109345,0.999999978202815
2023-04-17,0.0192466787356141,-0.0229834779369419,0.664136284309351,0.999999978873685
2023-04-18,0.107436000735789,-0.0105042885663029,0.634044024293079,0.999999979523907
2023-04-19,-0.0934520180323237,-0.0139133405380865,0.606982766233186,0.999999980154117
2023-04-20,-0.00551966224604019,-0.0283225002728853,0.586585057403734,0.99999998076493
2023-04-21,-0.189589473246012,-0.0330132714970405,0.562093594683859,0.999999981356944
2023-04-24,0.174351467691864,-0.021375663039507,0.540486548457788,0.999999981930737
2023-04-25,-0.09580510849621,-0.0101081535842713,0.547406901004051,0.999999982486869
2023-04-26,0.116491178433278,-0.0153282023449294,0.549754590610343,0.999999983025886
2023-04-27,-0.271636479553746,-0.0294903574126985,0.618870620330985,0.999999983548312
2023-04-28,0.0810503572144359,-0.0322764832636402,0.591834934457821,0.999999984054659
2023-05-01,-0.081277048227921,-0.0198019576433258,0.568437069504934,0.999999984545422
2023-05-02,0.163251133912144,-0.00993369800973323,0.545347728696889,0.999999985021081
2023-05-03,-0.146051981396777,-0.0168260186565908,0.761344786457486,0.999999985482099
2023-05-04,-0.0510178402744365,-0.0304677321884255,0.724825896966254,0.999999985928929
2023-05-05,-0.112675619087679,-0.031390146993144,0.851758607605164,0.999999986362006
2023-05-08,0.087745093318499,-0.0182714530230169,0.810957372095983,0.999999986781754
2023-05-09,0.0553631310663971,-0.0100120000539882,0.781232901027167,0.999999987188583
2023-05-10,-0.0775475037563797,-0.0183302510595487,0.775382962329908,0.99999998758289
2023-05-11,-0.0592318731945911,-0.0313000118547424,0.766680854546354,0.999999987965062
2023-05-12,-0.135372981102613,-0.0303083147568763,0.739406188145356,0.999999988335471
2023-05-15,0.175510117931204,-0.0168815874050928,0.705028310659766,0.99999998869448
2023-05-16,-0.0821451390194007,-0.0102624897361441,0.672006878148824,0.999999989042439
2023-05-17,0.0864405173299622,-0.0198842007920264,0.678048178700558,0.999999989379689
2023-05-18,-0.273590253612896,-0.0319099522495863,0.711266376340793,0.999999989706559
2023-05-19,0.122697248759799,-0.0291143547955361,0.67937695438596,0.999999990023369
2023-05-22,-0.0862738333855042,-0.0156051029401238,0.648085898076504,0.999999990330428
2023-05-23,0.186686064504957,-0.0107130665129945,0.619968376823301,0.999999990628037
2023-05-24,-0.192050067573749,-0.0214342810696698,0.634415342226568,0.999999990916486
2023-05-25,-0.0464960852991784,-0.0323028946864965,0.868155917974042,0.999999991196056
2023-05-26,-0.110079617838728,-0.0278360955755801,0.922353975496244,0.999999991467023
2023-05-29,0.0983792916166353,-0.0144458263848304,0.874692440009316,0.999999991729649
2023-05-30,0.0397238624830705,-0.0113785086403867,0.841192407530837,0.999999991984193
2023-05-31,-0.115394066463802,-0.0229138240806871,1.01885867120415,0.999999992230902
2023-06-01,-0.0751222748741895,-0.0325245317363009,1.09028439858015,0.999999992470018
2023-06-02,-0.103994760102148,-0.0264458901847304,1.02727539929766,0.999999992701775
2023-06-05,0.202576576399686,-0.01347824789434,0.973800606113377,0.999999992926398
2023-06-06,-0.0746162356334516,-0.0121834963619455,0.960009874024614,0.999999993144108
2023-06-07,0.0762904986038652,-0.0243537774512602,0.907507138437239,0.999999993355118
2023-06-08,-0.267564081580792,-0.0325235594769795,0.868183125505057,0.999999993559633
2023-06-09,0.130837030056322,-0.025017587558689,0.822510007427416,0.999999993757853
2023-06-12,-0.0776336729947368,-0.0126771593522777,0.844582700448952,0.999999993949973
2023-06-13,0.148984514952161,-0.013137923254408,0.842971799452512,0.99999999413618
2023-06-14,-0.188655943251733,-0.0257112598540708,0.799175928570751,0.999999994316655
2023-06-15,-0.0285491802469828,-0.0323129093740607,0.75943821975784,0.999999994491576
2023-06-16,-0.0417639274491108,-0.0235819524153084,0.723152617443576,0.999999994661114
2023-06-19,0.0944381449072695,-0.0120384652811826,0.689173647990533,0.999999994825433
2023-06-20,0.0194100540957437,-0.0142440706519211,0.778195295864435,0.999999994984695
2023-06-21,-0.146820700386187,-0.0269322156165086,0.777367940535161,0.999999995139055
2023-06-22,-0.0444509089434875,-0.0319400666187887,0.738245670126832,0.999999995288664
2023-06-23,-0.0922248108059158,-0.0221225749841509,0.807782108292851,0.999999995433669
2023-06-26,0.177760495414418,-0.0116145995142526,0.829720876685709,0.999999995574211
2023-06-27,-0.129114800877481,-0.0154321684721982,0.826993880195211,0.999999995710427
2023-06-28,0.0319523042952365,-0.0280422751670585,0.784768721301433,0.999999995842451
2023-06-29,-0.216576737673251,-0.0313754235095554,0.746978567007367,0.999999995970411
2023-06-30,0.153294700246947,-0.0207021237189971,0.733736039972334,0.999999996094433
2023-07-03,-0.0264775064124393,-0.0113784724067609,0.700604863592267,0.999999996214638
2023-07-04,0.0825679423486546,-0.0166999273109622,0.671614923866773,0.999999996331143
2023-07-05,-0.184301579227436,-0.0290111491589553,0.666398058853504,0.999999996444062
2023-07-06,-0.0313587622134029,-0.0306388096105501,0.636569172358422,0.999999996553506
2023-07-07,-0.0615962372782847,-0.0193494164730812,1.2599115688685,0.999999996659582
2023-07-10,0.0785957902258225,-0.0113171219172242,1.21487900937926,0.999999996762393
2023-07-11,-0.0540908697478986,-0.0180418229686104,1.13852130483607,0.999999996862039
2023-07-12,-0.0976329563579858,-0.0297991830924844,1.06921753609722,0.999999996958619
2023-07-13,0.0109228864056481,-0.0297789575212447,1.01309023522024,0.999999997052226
2023-07-14,-0.00364198562170773,-0.0180529499542985,0.955480165575768,0.999999997142952
2023-07-17,0.152248114050407,-0.0114630466937333,0.911505260517524,0.999999997230886
2023-07-18,-0.17050184272112,-0.0193953171012913,0.937240643641951,0.999999997316113
2023-07-19,0.020472114889222,-0.0304317253665566,0.888137271692702,0.999999997398717
2023-07-20,-0.144124734140619,-0.028782834880721,0.847050917640439,0.999999997478779
2023-07-21,0.211736298746199,-0.016862421634698,0.805880015102695,0.999999997556377
2023-07-24,-0.0576832019056795,-0.0117856920262288,0.764498368971847,0.999999997631586
2023-07-25,0.0392008445881458,-0.0207518080734321,0.727359369010305,0.999999997704481
2023-07-26,-0.210817846458349,-0.0308918650257171,0.692655860360664,0.999999997775132
2023-07-27,0.0324821397977583,-0.0276748465247173,0.660158341454398,0.999999997843608
2023-07-28,0.0256049243731868,-0.0158006729482186,0.630756735154948,0.999999997909977
2023-07-31,0.0603712231258259,-0.0122640109396805,0.603663834044405,0.999999997974304
2023-08-01,-0.0721870460893052,-0.022102851983089,0.577748470365957,0.99999999803665
2023-08-02,-0.155820081301046,-0.0311547660691253,0.605819422925481,0.999999998097078
2023-08-03,0.00488812021279859,-0.0265029399472211,0.775721397069535,0.999999998155646
2023-08-04,-0.00946122484240679,-0.014856071921255,0.799024076086725,0.999999998212411
2023-08-07,0.103934905344778,-0.0129139169486987,0.758155189045501,0.999999998267429
2023-08-08,-0.165383645131017,-0.0233953734716605,0.721439180963012,0.999999998320754
2023-08-09,-0.0108343253308201,-0.0312483685287908,0.713865126464531,0.999999998372437
2023-08-10,-0.0872590770718833,-0.0252650672308851,0.682921974952509,0.99999999842253
2023-08-11,0.171307492017472,-0.0140641522380326,0.653118162091042,0.999999998471081
2023-08-14,-0.0880269914540677,-0.0137018315700604,0.854002502057757,0.999999998518138
2023-08-15,-0.0165273708039066,-0.0246197776992231,0.827808957479281,0.999999998563746
2023-08-16,-0.2211960029528,-0.0311685384177621,1.03093108364052,0.999999998607951
2023-08-17,0.0724378141863727,-0.02398691226438,1.00140461021541,0.999999998650795
2023-08-18,-0.00783896889029199,-0.013439091872416,1.04539682638874,0.999999998692321
2023-08-21,0.0475173371173477,-0.0146008607306268,1.07606968027922,0.999999998732568
2023-08-22,-0.126425603746188,-0.0257690984003385,1.02689397302413,0.999999998771577
2023-08-23,-0.0908511663934999,-0.0309041669261979,0.968042719644588,0.999999998809385
2023-08-24,0.0620993950748068,-0.0227127997892554,0.916171545821469,0.99999999884603
2023-08-25,0.0319821594469989,-0.0129657763386838,0.866082139395629,0.999999998881547
2023-08-28,0.0750425809594655,-0.0156146348078488,0.819848854480481,0.99999999891597
2023-08-29,-0.202291478132144,-0.0268017415733473,0.787630284543983,0.999999998949334
2023-08-30,0.0512427159295207,-0.0304865920530137,0.755365733541521,0.999999998981671
2023-08-31,-0.083207320065294,-0.0214461517862978,0.71819631515691,0.999999999013013
2023-09-01,0.21387991694994,-0.0126654636497816,0.684003791006646,0.999999999043391
2023-09-04,-0.159675170201076,-0.016708487446355,0.700187516913019,0.999999999072833
2023-09-05,-0.0060818707223156,-0.0277113464865507,0.667053002669485,0.999999999101369
2023-09-06,-0.186619829111075,-0.0299224792422494,0.663673351560391,0.999999999129027
2023-09-07,0.125475050464284,-0.0202103779246651,0.633416439720435,0.999999999155834
2023-09-08,0.0172486364491123,-0.0125425885678414,0.605640464002302,0.999999999181815
2023-09-11,0.00426872653530558,-0.0178528881920746,0.58147286227696,0.999999999206997
2023-09-12,-0.119017738195238,-0.0284957680904941,0.558124159972171,0.999999999231404
2023-09-13,-0.0766022595494566,-0.0292119867628359,0.537579664307902,0.99999999925506
2023-09-14,0.102052766536658,-0.0190432481223488,0.516545990810813,0.999999999277987
2023-09-15,0.0337129597362083,-0.0125770310932346,0.504258842166948,0.999999999300209
2023-09-18,0.042238740882246,-0.0190439658753912,0.487167152326445,0.999999999321747
2023-09-19,-0.216027511709215,-0.0291261042154053,0.595825003756752,0.999999999342623
2023-09-20,0.0441545336828848,-0.0283889233506144,0.571713372335054,0.999999999362855
2023-09-21,-0.0495476256194691,-0.0179487851289897,0.551668056659234,0.999999999382465
2023-09-22,0.166326382338167,-0.0127769449886718,0.626054893456999,0.999999999401471
2023-09-25,-0.163239848601739,-0.0202487400967133,0.612123543914334,0.999999999419893
2023-09-26,-0.042816605988517,-0.0296019799563405,0.678006688071818,0.999999999437747
2023-09-27,-0.130280387769229,-0.0274676725201501,0.646820248597509,0.999999999455052
2023-09-28,0.118773907773702,-0.0169449828108037,0.660149724023372,0.999999999471824
2023-09-29,0.00782672077111351,-0.0131375589977498,0.630760910362687,0.99999999948808
2023-10-02,-0.0349079728290196,-0.0214386262671323,0.603140204660868,0.999999999503836
2023-10-03,-0.153965947670693,-0.0299279940085184,0.779832515507054,0.999999999519107
2023-10-04,-0.0459218742516356,-0.0264561993563325,0.795706484513375,0.999999999533908
2023-10-05,0.055888438707538,-0.0160606630518566,0.86227888133207,0.999999999548253
2023-10-06,0.0328988879951454,-0.0136339528468001,0.818106478005386,0.999999999562157
2023-10-09,-0.027129827478831,-0.0226069475318984,0.777845352209119,0.999999999575633
2023-10-10,-0.146840642822411,-0.0300879762196865,0.739251851907719,0.999999999588694
2023-10-11,0.0724219017374669,-0.02538864063371,0.710977135828453,0.999999999601353
2023-10-12,-0.00866382518433628,-0.0152967102787312,0.702244324584355,0.999999999613622
2023-10-13,0.137834271922744,-0.0142635580588183,0.670291320846927,0.999999999625514
2023-10-16,-0.20228158503334,-0.0237253364351392,0.748738651419569,0.99999999963704
2023-10-17,0.000885131773913739,-0.0300886467684113,0.714291326644094,0.999999999648211
2023-10-18,-0.101903102867047,-0.0242833719969802,0.682417067867181,0.999999999659038
2023-10-19,0.143705619560676,-0.0146635005402131,0.811431058621241,0.999999999669532
2023-10-20,-0.0667832289966302,-0.015014319310204,0.973304893310738,0.999999999679703
2023-10-23,-0.0945532612254154,-0.0247694942626111,1.10389311344016,0.999999999689561
2023-10-24,-0.132252391789414,-0.0299417234501034,1.07511182767245,0.999999999699116
2023-10-25,0.00120653753355431,-0.0231522228684882,1.01212606396527,0.999999999708376
2023-10-26,0.128102489353998,-0.0141795223445047,0.954672616057351,0.999999999717352
2023-10-27,-0.0529039661062402,-0.0158581218293001,1.03850185383146,0.999999999726051
2023-10-30,-0.0374928469868231,-0.0257339968535923,0.977627835898017,0.999999999734483
2023-10-31,-0.204535496649809,-0.0296425351422021,0.968407342604756,0.999999999742655
2023-11-01,0.126935764394125,-0.0220269192598623,0.913916209124174,0.999999999750575
2023-11-02,-0.0155807274771017,-0.013840230686122,0.864172497528757,0.999999999758252
2023-11-03,0.133613999272289,-0.0167849648725753,0.823687908005252,0.999999999765693
